{
  "train_loss": [
    1.6451376563355375,
    1.2641228367093604,
    1.1387290834286203,
    1.057287948944859,
    0.9847530878213548,
    0.9301706419850101,
    0.8797426250628319,
    0.8441801387802002,
    0.802888006126424,
    0.7638716792384964,
    0.7347938366777732,
    0.7068289138161796,
    0.6782658291714384,
    0.6546331768043154,
    0.6324599030470266,
    0.6139681607050415,
    0.5947837177720849,
    0.576281855428827,
    0.5600056286832417,
    0.5461585219145075,
    0.5331730690774868,
    0.5208294896187254,
    0.5080340496070498,
    0.4985139642358006,
    0.487919033036641,
    0.4795741030620296,
    0.4711089854527529,
    0.4633723985459362,
    0.4554118820630231,
    0.44907580786083356,
    0.44321267243489276,
    0.4368284730970593,
    0.43168643773749027,
    0.4257957539584851,
    0.4208757063548274,
    0.417258336118133,
    0.4122617017165592,
    0.40798143905152223,
    0.4044590067518222,
    0.4013911093606899,
    0.39750118534608886,
    0.39451605623182673,
    0.3912750795062233,
    0.38871626956668237,
    0.386547113375931,
    0.3838085556032291,
    0.38165313281756597,
    0.37967823011358953,
    0.377474432459685,
    0.37539596257319785
  ],
  "val_loss": [
    1.3817067403793335,
    1.2474768585205078,
    1.2179146366119384,
    1.2089680797576905,
    1.1574896587371826,
    1.1146095218658447,
    1.1014943935394288,
    1.0913192668914795,
    1.0756257650375367,
    1.0570881999969481,
    1.1309216445922852,
    1.031264895439148,
    1.0409805879592895,
    1.031968134689331,
    1.035069089126587,
    1.0348488624572754,
    1.0298329675674438,
    1.054945352935791,
    1.0284308988571167,
    1.0087572825431823,
    1.031032661819458,
    1.0143687790870666,
    1.0493719572067262,
    1.0129248558044435,
    1.0230708028793334,
    1.01958172416687,
    1.0148897027969361,
    1.0262172088623047,
    1.0211992639541625,
    1.0206101943969728,
    1.0154686820030212,
    1.028388539505005,
    1.018894046974182,
    1.0209305429458617,
    1.0210665838241577,
    1.026779341506958,
    1.022086386871338,
    1.0278044355392455,
    1.029182601928711,
    1.0249086332321167,
    1.0232967308044434,
    1.0285969366073608,
    1.024602898979187,
    1.0322944166183472,
    1.0282706586837769,
    1.0316313985824586,
    1.0304001695632934,
    1.031932088470459,
    1.0324745279312133,
    1.031919222831726
  ],
  "val_acc": [
    0.49950617283950616,
    0.5634567901234568,
    0.5920987654320987,
    0.577283950617284,
    0.5962962962962963,
    0.6130864197530864,
    0.6224691358024691,
    0.6232098765432099,
    0.6350617283950617,
    0.6414814814814814,
    0.6118518518518519,
    0.6508641975308642,
    0.6382716049382716,
    0.6523456790123456,
    0.6508641975308642,
    0.6488888888888888,
    0.6520987654320988,
    0.6466666666666666,
    0.6503703703703704,
    0.6609876543209876,
    0.6535802469135803,
    0.6595061728395062,
    0.6491358024691358,
    0.6609876543209876,
    0.6617283950617284,
    0.6585185185185185,
    0.6654320987654321,
    0.6577777777777778,
    0.662716049382716,
    0.6624691358024691,
    0.6622222222222223,
    0.6602469135802469,
    0.6580246913580247,
    0.6622222222222223,
    0.6637037037037037,
    0.6632098765432098,
    0.6644444444444444,
    0.6624691358024691,
    0.6624691358024691,
    0.6641975308641975,
    0.6669135802469136,
    0.6609876543209876,
    0.6661728395061728,
    0.6634567901234568,
    0.6632098765432098,
    0.6622222222222223,
    0.6639506172839507,
    0.6649382716049382,
    0.6646913580246914,
    0.6654320987654321
  ],
  "lr": [
    0.01,
    0.0095,
    0.009025,
    0.00857375,
    0.0081450625,
    0.007737809374999999,
    0.007350918906249998,
    0.006983372960937498,
    0.006634204312890623,
    0.006302494097246091,
    0.005987369392383786,
    0.005688000922764597,
    0.005403600876626367,
    0.005133420832795048,
    0.0048767497911552955,
    0.00463291230159753,
    0.0044012666865176535,
    0.004181203352191771,
    0.003972143184582182,
    0.0037735360253530726,
    0.0035848592240854188,
    0.0034056162628811476,
    0.0032353354497370902,
    0.0030735686772502355,
    0.0029198902433877237,
    0.0027738957312183374,
    0.0026352009446574203,
    0.002503440897424549,
    0.0023782688525533216,
    0.0022593554099256553,
    0.0021463876394293723,
    0.0020390682574579037,
    0.0019371148445850085,
    0.0018402591023557579,
    0.0017482461472379698,
    0.0016608338398760713,
    0.0015777921478822676,
    0.001498902540488154,
    0.0014239574134637463,
    0.0013527595427905588,
    0.0012851215656510308,
    0.0012208654873684791,
    0.0011598222130000551,
    0.0011018311023500522,
    0.0010467395472325495,
    0.000994402569870922,
    0.0009446824413773759,
    0.0008974483193085071,
    0.0008525759033430817,
    0.0008099471081759276
  ]
}